{
	"credit": "Made with Blockbench",
	"texture_size": [64, 64],
	"textures": {
		"0": "blockbench/hat2/hat2",
		"particle": "blockbench/hat2/hat2"
	},
	"elements": [
		{
			"from": [0, 0, -6],
			"to": [16, 1, 0],
			"faces": {
				"north": {"uv": [0, 8, 4, 8.25], "texture": "#0"},
				"east": {"uv": [8, 0.25, 9.5, 0.5], "texture": "#0"},
				"south": {"uv": [8, 0, 12, 0.25], "texture": "#0"},
				"west": {"uv": [8, 0.5, 9.5, 0.75], "texture": "#0"},
				"up": {"uv": [8, 1.5, 4, 0], "texture": "#0"},
				"down": {"uv": [8, 1.5, 4, 3], "texture": "#0"}
			}
		},
		{
			"from": [0, 0, 0],
			"to": [16, 6, 16],
			"faces": {
				"north": {"uv": [4, 3, 8, 4.5], "texture": "#0"},
				"east": {"uv": [4, 4.5, 8, 6], "texture": "#0"},
				"south": {"uv": [4, 6, 8, 7.5], "texture": "#0"},
				"west": {"uv": [4, 7.5, 8, 9], "texture": "#0"},
				"up": {"uv": [4, 4, 0, 0], "texture": "#0"},
				"down": {"uv": [4, 4, 0, 8], "texture": "#0"}
			}
		}
	],
	"display": {
		"thirdperson_righthand": {
			"rotation": [75, 45, 0],
			"translation": [0, 2.5, 0],
			"scale": [0.375, 0.375, 0.375]
		},
		"thirdperson_lefthand": {
			"rotation": [75, 45, 0],
			"translation": [0, 2.5, 0],
			"scale": [0.375, 0.375, 0.375]
		},
		"ground": {
			"translation": [0, 3, 0],
			"scale": [0.25, 0.25, 0.25]
		},
		"gui": {
			"rotation": [30, 225, 0],
			"translation": [-0.75, 3.25, 0],
			"scale": [0.53711, 0.53711, 0.53711]
		},
		"head": {
			"translation": [0, 10, 0],
			"scale": [0.9043, 0.9043, 0.9043]
		},
		"fixed": {
			"rotation": [-90, 0, 0],
			"translation": [0, 0, -8]
		}
	},
	"groups": [
		{
			"name": "base",
			"origin": [8, 8, 8],
			"color": 0,
			"children": [0, 1]
		}
	]
}